Keyword,Company,absolute-top,top,bottom,top(%),bottom(%),Keyword Ads Percentage(%)
Direct,,0,0,0,0.0,0.0,0.0
Betalingsanmerkninger,minkreditkoll,6,0,0,100.0,0.0,30.0
Betalingsanmerkning 2020,,0,0,0,0.0,0.0,0.0
Lånerådgiver,,0,0,0,0.0,0.0,0.0
Website traffic-pusse opp,com › propellerads › get_traffic,1,0,0,100.0,0.0,5.0
Hjelp til å rydde opp i gjeld,se › beviljandegrad › hög,3,0,1,100.0,20.0,40.0
Hjelp til å rydde opp i gjeld,fedelta,0,0,5,0.0,100.0,40.0
Hjelp til å rydde opp i gjeld,privatlånlistan,0,0,1,0.0,20.0,40.0
Hjelp til å rydde opp i gjeld,se › låneförmedling,0,0,1,0.0,20.0,40.0
Hjelp til å rydde opp i gjeld,se › samlalån,0,0,1,0.0,20.0,40.0
Hjelp til å rydde opp i gjeld,teoma,0,0,1,0.0,20.0,40.0
Boliglånskalkulator,bluestep,4,0,0,100.0,0.0,20.0
Boliglånskalkulator,ordnabolan,0,3,0,75.0,0.0,20.0
Boliglånskalkulator,se › låneförmedling,0,1,0,25.0,0.0,20.0
Nettstedtrafikk – Banner – betalingsanmerkninger,,0,0,0,0.0,0.0,0.0
Spesiallån,lendo,4,0,0,100.0,0.0,35.0
Spesiallån,privatlånlistan,0,1,2,25.0,66.7,35.0
Spesiallån,se › lån,0,1,2,25.0,66.7,35.0
Spesiallån,se › låna-pengar,0,1,2,25.0,66.7,35.0
Spesiallån,banknorwegian,0,1,0,25.0,0.0,35.0
slette betalingsanmerkning ads,,0,0,0,0.0,0.0,0.0
Omstartslån,ikanobank,5,5,0,100.0,0.0,100.0
Omstartslån,sambla,4,3,2,70.0,20.0,100.0
Omstartslån,zmarta,1,4,3,50.0,30.0,100.0
Omstartslån,com › ansök,0,7,3,70.0,30.0,100.0
Omstartslån,bluestep,0,1,7,10.0,70.0,100.0
Omstartslån,se › beviljandegrad › hög,0,0,6,0.0,60.0,100.0
Omstartslån,se › samlingslån,0,0,5,0.0,50.0,100.0
Omstartslån,se › samla_lån,0,0,3,0.0,30.0,100.0
Omstartslån,lånium,0,0,1,0.0,10.0,100.0
Skattemelding for 2020,,0,0,0,0.0,0.0,0.0
Skattemelding for 2021,com › resultat › din_sökning,1,0,0,100.0,0.0,5.0
Skattemelding for 2022,,0,0,0,0.0,0.0,0.0
Skattemelding for 2023,,0,0,0,0.0,0.0,0.0
Skattemelding for 2024,,0,0,0,0.0,0.0,0.0
Skattemelding for 2025,,0,0,0,0.0,0.0,0.0
Skattemelding for 2026,,0,0,0,0.0,0.0,0.0
Skattemelding for 2027,,0,0,0,0.0,0.0,0.0
Skattemelding for 2028,,0,0,0,0.0,0.0,0.0
Skattemelding for 2029,,0,0,0,0.0,0.0,0.0
Skattemelding for 2030,,0,0,0,0.0,0.0,0.0
Skattemelding for 2031,,0,0,0,0.0,0.0,0.0
Skattemelding for 2020_Insta,,0,0,0,0.0,0.0,0.0
God påske 2021,,0,0,0,0.0,0.0,0.0
Nordax,privatlånlistan,5,4,0,90.0,0.0,50.0
Nordax,se › bolån,3,4,0,70.0,0.0,50.0
Nordax,enklare,1,2,0,30.0,0.0,50.0
Nordax,bluestep,1,0,0,10.0,0.0,50.0
Nordax,nordax,0,10,0,100.0,0.0,50.0
Stoppe tvangssalg,,0,0,0,0.0,0.0,0.0
Stoppe tvangssalg,,0,0,0,0.0,0.0,0.0
Oslo,,0,0,0,0.0,0.0,0.0
Lillestrøm,,0,0,0,0.0,0.0,0.0
Bergen,,0,0,0,0.0,0.0,0.0
Gjøvik,,0,0,0,0.0,0.0,0.0
Ski,,0,0,0,0.0,0.0,0.0
Trondheim,,0,0,0,0.0,0.0,0.0
Harstad,,0,0,0,0.0,0.0,0.0
Stavanger,,0,0,0,0.0,0.0,0.0
Drammen,,0,0,0,0.0,0.0,0.0
Spørsmål,,0,0,0,0.0,0.0,0.0
Display-branding,,0,0,0,0.0,0.0,0.0
Mellomfinansiering,bluestep,4,0,1,100.0,100.0,25.0
Refinansiering,sambla,4,5,0,90.0,0.0,95.0
Refinansiering,zmarta,4,4,2,80.0,22.2,95.0
Refinansiering,com › refinansiera,1,6,2,70.0,22.2,95.0
Refinansiering,anyfin,1,0,0,10.0,0.0,95.0
Refinansiering,bluestep,0,2,3,20.0,33.3,95.0
Refinansiering,se › finansiering › lån,0,1,4,10.0,44.4,95.0
Refinansiering,dbt,0,1,0,10.0,0.0,95.0
Refinansiering,se › refinansiering,0,0,4,0.0,44.4,95.0
Refinansiering,privatlånlistan,0,0,3,0.0,33.3,95.0
Boliglån,ikanobank,10,0,0,100.0,0.0,70.0
Boliglån,bluestep,0,8,1,80.0,25.0,70.0
Boliglån,ordnabolan,0,2,3,20.0,75.0,70.0
Boliglån,lendo,0,1,2,10.0,50.0,70.0
Boliglån,se › låna-pengar,0,0,2,0.0,50.0,70.0
Boliglån,santanderconsumer,0,0,1,0.0,25.0,70.0
Eiendomsfinans Brand,,0,0,0,0.0,0.0,0.0
Huslån,danskebank,5,5,0,100.0,0.0,100.0
Huslån,bluestep,5,5,0,100.0,0.0,100.0
Huslån,nordax,0,2,6,20.0,60.0,100.0
Huslån,se › bolån,0,1,4,10.0,40.0,100.0
Huslån,skandia,0,1,0,10.0,0.0,100.0
Huslån,zensum,0,0,7,0.0,70.0,100.0
Huslån,lendo,0,0,5,0.0,50.0,100.0
Huslån,ordnabolan,0,0,4,0.0,40.0,100.0
Huslån,icabanken,0,0,1,0.0,10.0,100.0
Huslån,se › flytta › bolån,0,0,1,0.0,10.0,100.0
Huslån,se › kampanj › flytta-bolån,0,0,1,0.0,10.0,100.0
Huslån,lansforsakringar,0,0,1,0.0,10.0,100.0
Lønnstrekk,,0,0,0,0.0,0.0,0.0
Betalingsanmerkning,minkreditkoll,0,0,1,0.0,100.0,5.0
